{"cameraMode":{"drawMode":0,"name":"Shaded","section":"Shading Mode"},"sceneLighting":true,"audioPlay":false,"sceneViewState":{"m_AlwaysRefresh":false,"showFog":true,"showSkybox":true,"showFlares":true,"showImageEffects":true,"showParticleSystems":true,"showVisualEffectGraphs":true,"m_FxEnabled":true},"in2DMode":false,"pivot":{"x":766.2521362304688,"y":539.3810424804688,"z":5.985498428344727},"rotation":{"x":0.12446656078100205,"y":0.01785479299724102,"z":-0.0022425539791584017,"w":0.9920663237571716},"size":532.2857055664063,"orthographic":false}